{
    "projNumber": 40,
    "average": 796.48,
    "iqr": [
        5096,
        2487,
        2436,
        2162,
        1980,
        1670,
        1646,
        1567,
        1289,
        1283,
        1086,
        1084,
        858,
        807,
        770,
        714,
        581,
        505,
        457,
        413,
        407,
        310,
        248,
        235,
        211,
        199,
        172,
        172,
        167,
        140,
        134,
        124,
        104,
        82,
        79,
        61,
        40,
        40,
        31,
        12
    ],
    "minimum": 12,
    "maximum": 5096,
    "deviation": 987.68,
    "phases": [
        {
            "phase": "SD",
            "average": 237.77777777777777
        },
        {
            "phase": "DD",
            "average": 1450.5
        },
        {
            "phase": "CD",
            "average": 893.6923076923077
        },
        {
            "phase": "CA",
            "average": 649.7
        }
    ]
}